iter	Logloss
0	0.6382829217
1	0.5951808252
2	0.5616083135
3	0.5355553898
4	0.5120579159
5	0.4944364625
6	0.4788716985
7	0.4665821378
8	0.4546910609
9	0.4466107278
