iter	Logloss
0	0.5581196962
1	0.4868630153
2	0.4495503227
3	0.4248614775
4	0.4124259186
5	0.4027258169
6	0.3967911658
7	0.3918430431
8	0.3883432532
9	0.3850290236
